Bernardo Faley;mesh transparent bandwidth;2016;1
Bernardo Faley;mesh transparent bandwidth;2016;2
Carly Maydwell;incentivize 24/7 portals;1988;3
Carly Maydwell;orchestrate visionary e-commerce;1988;4
Carly Maydwell;visualize distributed web services;2016;4
Daisi Durtnell;recontextualize killer markets;1996;3
Daisi Durtnell;unleash world-class e-services;1990;3
Daisi Durtnell;deliver strategic communities;1990;2
Daisi Durtnell;empower web-enabled niches;1997;1
Leila MacCahee;engineer dot-com initiatives;2014;1
Leila MacCahee;engineer dot-com initiatives;1999;2
Tamma Kristiansen;whiteboard ubiquitous content;2018;2
Creighton Perassi;e-enable magnetic architectures;1999;2
Creighton Perassi;strategize rich channels;2016;3
Pattie Keeting;unleash proactive systems;2015;3
Pattie Keeting;synthesize strategic content;1984;4
Pattie Keeting;synthesize strategic content;1984;4
Aigneis Emanuel;streamline transparent eyeballs;2010;1
Aigneis Emanuel;redefine dot-com applications;2009;1
Franciska Mozzi;engage strategic content;1995;1
Tomkin Petracchi;enable collaborative paradigms;2006;2
Tomkin Petracchi;redefine cross-platform e-tailers;2000;2
Tomkin Petracchi;envisioneer sticky systems;1989;3
Jefferey Pendlenton;evolve compelling action-items;2001;3
Jefferey Pendlenton;unleash seamless paradigms;2007;4
Wanids Sterman;target web-enabled e-commerce;2001;4
Georgiana Scotti;exploit B2C e-services;2002;1
Vittorio Altamirano;exploit vertical supply-chains;1997;2
Modestine Barthorpe;drive bricks-and-clicks platforms;1985;3
Modestine Barthorpe;facilitate visionary architectures;1986;4
Stinky Rand;orchestrate next-generation infrastructures;1980;3
Stinky Rand;incentivize leading-edge technologies;1992;2
Stinky Rand;transform granular bandwidth;1994;1
Fallon Collough;enable ubiquitous relationships;2003;1
Si Dumsday;grow real-time communities;2008;2
Giovanni Heine;aggregate sticky web services;2007;3
Giovanni Heine;recontextualize out-of-the-box relationships;1988;3
Brook Dornin;productize scalable e-tailers;1990;4
Brook Dornin;morph frictionless experiences;1983;4
Brook Dornin;iterate e-business content;1993;1
Claudine Tallman;revolutionize strategic eyeballs;1985;2
Zack Pau;architect dot-com methodologies;2009;3
Zack Pau;target sexy schemas;2008;4
Riordan Keast;brand dot-com communities;2002;1
Riordan Keast;benchmark mission-critical web services;2004;2
Cory Stirzaker;strategize e-business e-markets;2009;2
Ax Bettinson;evolve end-to-end relationships;1988;3
Ax Bettinson;synthesize holistic functionalities;1985;4
Osbourne Chaddock;envisioneer leading-edge platforms;2019;4
Helenelizabeth Dransfield;incubate innovative solutions;1985;3
Katine McKerrow;scale viral niches;1981;2
Katine McKerrow;disintermediate innovative experiences;2002;2
Katine McKerrow;facilitate B2C models;2017;1
Raynor Archell;strategize integrated paradigms;2016;2
Jere Flea;benchmark sexy e-business;1991;3
