Damon;Yakovlev;dyakovlev0@fastcompany.com
Charita;Bowle;cbowle1@tumblr.com
Mal;Bish;mbish2@nhs.uk
Aretha;O'Brollachain;aobrollachain3@examiner.com
Colan;Rhucroft;crhucroft4@mozilla.org
Catrina;Mayoh;cmayoh5@ihg.com
Estrella;Wain;ewain6@drupal.org
Barbe;McDermid;bmcdermid7@weebly.com
Worthington;Lugsdin;wlugsdin8@jiathis.com
Andonis;Meert;ameert9@delicious.com
Hayes;Diss;hdissa@businessweek.com
Hi;Ramel;hramelb@imdb.com
Ceciley;Heatly;cheatlyc@eepurl.com
Gertie;Petzold;gpetzoldd@salon.com
Davide;Marrington;dmarringtone@naver.com
Anastasia;Stores;astoresf@homestead.com
Alistair;Gantley;agantleyg@discuz.net
Leonanie;Lode;llodeh@taobao.com
Guillema;Roke;grokei@youtu.be
Wade;Cresswell;wcresswellj@nasa.gov
